Distrito,Anio,pct_NSE_A,pct_NSE_B,pct_NSE_C,pct_NSE_D,pct_NSE_E,nse_imputado,tasa_denuncias,tasa_robo,tasa_hurto,tasas_criminalidad_imputada,poblacion_proyectada,poblacion_imputada,area_distrito_km2,densidad_hab_km2,distancia_centro_km,dist_colegio_km,dist_hospital_km,dist_estacion_transporte_km,dist_centro_comercial_km,dist_parque_km,dist_universidad_km
Ate Vitarte,2022,,,,,,True,2053.5987,174.4414,375.6323,False,702815,False,84.61582534329187,8305.952192141767,16.43127577972698,0.9841118557634397,3.09332805988823,2.457835653818812,1.757152794978036,16.01139708380807,9.444243510989166
Ate Vitarte,2023,,,,,,True,2523.2298,572.7765,507.4917,False,716859,False,84.61582534329187,8471.925873105376,16.43127577972698,0.9841118557634397,3.09332805988823,2.457835653818812,1.757152794978036,16.01139708380807,9.444243510989166
Ate Vitarte,2024,,,,,,True,2473.927,397.9426,619.3718,False,730256,False,84.61582534329187,8630.253230259283,16.43127577972698,0.9841118557634397,3.09332805988823,2.457835653818812,1.757152794978036,16.01139708380807,9.444243510989166
Ate Vitarte,2025,,,,,,True,2125.439,144.8521,504.4942,False,743517,False,84.61582534329187,8786.973323057518,16.43127577972698,0.9841118557634397,3.09332805988823,2.457835653818812,1.757152794978036,16.01139708380807,9.444243510989166
Barranco,2016,31.64701362599154,21.93909537545002,8.14160376581447,38.27228723274397,0.0,True,7872.4297,1575.0455,2875.9267,True,35467,True,2.75263522223904,12884.74394044502,9.850966184672838,0.1232723990094097,0.2421636209876833,0.3555296462804873,2.432732897433979,0.663225336748975,1.23114819911692
Barranco,2017,31.64701362599154,21.93909537545002,8.14160376581447,38.27228723274397,0.0,True,7872.4297,1575.0455,2875.9267,True,35467,True,2.75263522223904,12884.74394044502,9.850966184672838,0.1232723990094097,0.2421636209876833,0.3555296462804873,2.432732897433979,0.663225336748975,1.23114819911692
Barranco,2018,31.64701362599154,21.93909537545002,8.14160376581447,38.27228723274397,0.0,True,7872.4297,1575.0455,2875.9267,True,35467,False,2.75263522223904,12884.74394044502,9.850966184672838,0.1232723990094097,0.2421636209876833,0.3555296462804873,2.432732897433979,0.663225336748975,1.23114819911692
Barranco,2019,31.64701362599154,21.93909537545002,8.14160376581447,38.27228723274397,0.0,True,7872.4297,1575.0455,2875.9267,False,35745,False,2.75263522223904,12985.73807063488,9.850966184672838,0.1232723990094097,0.2421636209876833,0.3555296462804873,2.432732897433979,0.663225336748975,1.23114819911692
Barranco,2020,31.64701362599154,21.93909537545002,8.14160376581447,38.27228723274397,0.0,True,2447.4454,322.9848,464.9868,False,35915,False,2.75263522223904,13047.49707111069,9.850966184672838,0.1232723990094097,0.2421636209876833,0.3555296462804873,2.432732897433979,0.663225336748975,1.23114819911692
Barranco,2021,31.64701362599154,21.93909537545002,8.14160376581447,38.27228723274397,0.0,True,4193.3702,301.105,1000.0,False,36200,False,2.75263522223904,13151.0342189672,9.850966184672838,0.1232723990094097,0.2421636209876833,0.3555296462804873,2.432732897433979,0.663225336748975,1.23114819911692
Barranco,2022,31.64701362599154,21.93909537545002,8.14160376581447,38.27228723274397,0.0,True,7486.2204,721.2,2223.9285,False,36467,False,2.75263522223904,13248.03217853804,9.850966184672838,0.1232723990094097,0.2421636209876833,0.3555296462804873,2.432732897433979,0.663225336748975,1.23114819911692
Barranco,2023,31.64701362599154,21.93909537545002,8.14160376581447,38.27228723274397,0.0,True,8836.9053,1361.6187,3071.8118,False,36721,False,2.75263522223904,13340.30739101366,9.850966184672838,0.1232723990094097,0.2421636209876833,0.3555296462804873,2.432732897433979,0.663225336748975,1.23114819911692
Barranco,2024,31.64701362599154,21.93909537545002,8.14160376581447,38.27228723274397,0.0,True,8899.5888,898.074,3286.6263,False,36968,False,2.75263522223904,13430.03958582264,9.850966184672838,0.1232723990094097,0.2421636209876833,0.3555296462804873,2.432732897433979,0.663225336748975,1.23114819911692
Barranco,2025,31.64701362599154,21.93909537545002,8.14160376581447,38.27228723274397,0.0,True,8088.3538,599.2368,3025.743,False,37214,False,2.75263522223904,13519.40849239352,9.850966184672838,0.1232723990094097,0.2421636209876833,0.3555296462804873,2.432732897433979,0.663225336748975,1.23114819911692
Bellavista,2016,18.5611278596873,14.82818482541335,28.38392459189879,38.22676272300057,0.0,False,3309.2502,888.4563,676.3249,True,79358,True,4.566104658240195,17379.80312316912,9.107769209579008,0.4369783412077169,1.205172164216082,0.6136717432047649,0.9268751909719922,3.040266045689977,2.560855159597847
Bellavista,2017,18.5611278596873,14.82818482541335,28.38392459189879,38.22676272300057,0.0,False,3309.2502,888.4563,676.3249,True,79358,True,4.566104658240195,17379.80312316912,9.107769209579008,0.4369783412077169,1.205172164216082,0.6136717432047649,0.9268751909719922,3.040266045689977,2.560855159597847
Bellavista,2018,18.5611278596873,14.82818482541335,28.38392459189879,38.22676272300057,0.0,False,3309.2502,888.4563,676.3249,True,79358,False,4.566104658240195,17379.80312316912,9.107769209579008,0.4369783412077169,1.205172164216082,0.6136717432047649,0.9268751909719922,3.040266045689977,2.560855159597847
Bellavista,2019,18.5611278596873,14.82818482541335,28.38392459189879,38.22676272300057,0.0,False,3309.2502,888.4563,676.3249,False,80139,False,4.566104658240195,17550.84607081391,9.107769209579008,0.4369783412077169,1.205172164216082,0.6136717432047649,0.9268751909719922,3.040266045689977,2.560855159597847
Bellavista,2020,18.5611278596873,14.82818482541335,28.38392459189879,38.22676272300057,0.0,False,1716.1479,213.1245,246.5801,False,80704,False,4.566104658240195,17674.58392666449,9.107769209579008,0.4369783412077169,1.205172164216082,0.6136717432047649,0.9268751909719922,3.040266045689977,2.560855159597847
Bellavista,2021,18.5611278596873,14.82818482541335,28.38392459189879,38.22676272300057,0.0,False,2654.0273,292.1526,436.3798,False,81122,False,4.566104658240195,17766.12803948846,9.107769209579008,0.4369783412077169,1.205172164216082,0.6136717432047649,0.9268751909719922,3.040266045689977,2.560855159597847
Bellavista,2022,18.5611278596873,14.82818482541335,28.38392459189879,38.22676272300057,0.0,False,3189.3206,383.1606,396.6695,False,81428,False,4.566104658240195,17833.14358619692,9.107769209579008,0.4369783412077169,1.205172164216082,0.6136717432047649,0.9268751909719922,3.040266045689977,2.560855159597847
Bellavista,2023,18.5611278596873,14.82818482541335,28.38392459189879,38.22676272300057,0.0,False,3691.0943,764.1814,885.4218,False,81656,False,4.566104658240195,17883.07673864636,9.107769209579008,0.4369783412077169,1.205172164216082,0.6136717432047649,0.9268751909719922,3.040266045689977,2.560855159597847
Bellavista,2024,18.5611278596873,14.82818482541335,28.38392459189879,38.22676272300057,0.0,False,2771.2949,424.0032,566.9668,False,81839,False,4.566104658240195,17923.15466363867,9.107769209579008,0.4369783412077169,1.205172164216082,0.6136717432047649,0.9268751909719922,3.040266045689977,2.560855159597847
Bellavista,2025,18.5611278596873,14.82818482541335,28.38392459189879,38.22676272300057,0.0,False,2436.318,182.9068,535.3071,False,82009,False,4.566104658240195,17960.38552292114,9.107769209579008,0.4369783412077169,1.205172164216082,0.6136717432047649,0.9268751909719922,3.040266045689977,2.560855159597847
Breña,2016,21.07619258008963,14.65389074459232,11.53960931653222,52.73030735878582,0.0,False,4227.7517,882.2285,1148.0907,True,90920,True,3.207403721415707,28346.91479371018,2.668957043706543,0.2695225622783039,0.4403350171850082,0.8283627238415264,0.8586336670208775,1.37606966991389,1.504768887238263
Breña,2017,21.07619258008963,14.65389074459232,11.53960931653222,52.73030735878582,0.0,False,4227.7517,882.2285,1148.0907,True,90920,True,3.207403721415707,28346.91479371018,2.668957043706543,0.2695225622783039,0.4403350171850082,0.8283627238415264,0.8586336670208775,1.37606966991389,1.504768887238263
Breña,2018,21.07619258008963,14.65389074459232,11.53960931653222,52.73030735878582,0.0,False,4227.7517,882.2285,1148.0907,True,90920,False,3.207403721415707,28346.91479371018,2.668957043706543,0.2695225622783039,0.4403350171850082,0.8283627238415264,0.8586336670208775,1.37606966991389,1.504768887238263
Breña,2019,21.07619258008963,14.65389074459232,11.53960931653222,52.73030735878582,0.0,False,4227.7517,882.2285,1148.0907,False,92153,False,3.207403721415707,28731.33786828833,2.668957043706543,0.2695225622783039,0.4403350171850082,0.8283627238415264,0.8586336670208775,1.37606966991389,1.504768887238263
Breña,2020,21.07619258008963,14.65389074459232,11.53960931653222,52.73030735878582,0.0,False,3384.1329,345.8238,753.9388,False,93111,False,3.207403721415707,29030.02181431092,2.668957043706543,0.2695225622783039,0.4403350171850082,0.8283627238415264,0.8586336670208775,1.37606966991389,1.504768887238263
Breña,2021,21.07619258008963,14.65389074459232,11.53960931653222,52.73030735878582,0.0,False,3861.6268,498.8908,979.7365,False,94209,False,3.207403721415707,29372.35477123452,2.668957043706543,0.2695225622783039,0.4403350171850082,0.8283627238415264,0.8586336670208775,1.37606966991389,1.504768887238263
Breña,2022,21.07619258008963,14.65389074459232,11.53960931653222,52.73030735878582,0.0,False,4130.8162,557.8493,980.1759,False,95187,False,3.207403721415707,29677.27429024297,2.668957043706543,0.2695225622783039,0.4403350171850082,0.8283627238415264,0.8586336670208775,1.37606966991389,1.504768887238263
Breña,2023,21.07619258008963,14.65389074459232,11.53960931653222,52.73030735878582,0.0,False,5698.6136,1200.0916,1693.451,False,96076,False,3.207403721415707,29954.44550946436,2.668957043706543,0.2695225622783039,0.4403350171850082,0.8283627238415264,0.8586336670208775,1.37606966991389,1.504768887238263
Breña,2024,21.07619258008963,14.65389074459232,11.53960931653222,52.73030735878582,0.0,False,5531.5944,742.9114,1730.3644,False,96916,False,3.207403721415707,30216.33957487039,2.668957043706543,0.2695225622783039,0.4403350171850082,0.8283627238415264,0.8586336670208775,1.37606966991389,1.504768887238263
Breña,2025,21.07619258008963,14.65389074459232,11.53960931653222,52.73030735878582,0.0,False,5147.0137,490.0456,1710.5559,False,97746,False,3.207403721415707,30475.1158537835,2.668957043706543,0.2695225622783039,0.4403350171850082,0.8283627238415264,0.8586336670208775,1.37606966991389,1.504768887238263
Carabayllo,2016,1.404266202708821,6.024136706384732,18.99368199731276,41.89659303704137,31.68132205655231,False,2598.6505,635.0915,342.0935,True,361168,True,312.2359896094521,1156.714831149838,28.03318103835983,1.51475568113259,8.654844933468087,2.61089330137095,17.80359151549945,9.43411437329499,16.36085332177996
Carabayllo,2017,1.404266202708821,6.024136706384732,18.99368199731276,41.89659303704137,31.68132205655231,False,2598.6505,635.0915,342.0935,True,361168,True,312.2359896094521,1156.714831149838,28.03318103835983,1.51475568113259,8.654844933468087,2.61089330137095,17.80359151549945,9.43411437329499,16.36085332177996
Carabayllo,2018,1.404266202708821,6.024136706384732,18.99368199731276,41.89659303704137,31.68132205655231,False,2598.6505,635.0915,342.0935,True,361168,False,312.2359896094521,1156.714831149838,28.03318103835983,1.51475568113259,8.654844933468087,2.61089330137095,17.80359151549945,9.43411437329499,16.36085332177996
Carabayllo,2019,1.404266202708821,6.024136706384732,18.99368199731276,41.89659303704137,31.68132205655231,False,2598.6505,635.0915,342.0935,False,380890,False,312.2359896094521,1219.878593996871,28.03318103835983,1.51475568113259,8.654844933468087,2.61089330137095,17.80359151549945,9.43411437329499,16.36085332177996
Carabayllo,2020,1.404266202708821,6.024136706384732,18.99368199731276,41.89659303704137,31.68132205655231,False,1961.2201,293.4463,286.4535,False,400414,False,312.2359896094521,1282.408221104947,28.03318103835983,1.51475568113259,8.654844933468087,2.61089330137095,17.80359151549945,9.43411437329499,16.36085332177996
Carabayllo,2021,1.404266202708821,6.024136706384732,18.99368199731276,41.89659303704137,31.68132205655231,False,2042.0441,312.2013,253.0116,False,412234,False,312.2359896094521,1320.264203097236,28.03318103835983,1.51475568113259,8.654844933468087,2.61089330137095,17.80359151549945,9.43411437329499,16.36085332177996
Carabayllo,2022,1.404266202708821,6.024136706384732,18.99368199731276,41.89659303704137,31.68132205655231,False,2121.285,286.3924,274.361,False,423894,False,312.2359896094521,1357.607752169155,28.03318103835983,1.51475568113259,8.654844933468087,2.61089330137095,17.80359151549945,9.43411437329499,16.36085332177996
Carabayllo,2023,1.404266202708821,6.024136706384732,18.99368199731276,41.89659303704137,31.68132205655231,False,2378.3987,369.5291,346.7924,False,435419,False,312.2359896094521,1394.518935964514,28.03318103835983,1.51475568113259,8.654844933468087,2.61089330137095,17.80359151549945,9.43411437329499,16.36085332177996
Carabayllo,2024,1.404266202708821,6.024136706384732,18.99368199731276,41.89659303704137,31.68132205655231,False,2506.0531,343.718,429.1999,False,446878,False,312.2359896094521,1431.218741180219,28.03318103835983,1.51475568113259,8.654844933468087,2.61089330137095,17.80359151549945,9.43411437329499,16.36085332177996
Carabayllo,2025,1.404266202708821,6.024136706384732,18.99368199731276,41.89659303704137,31.68132205655231,False,2237.1989,233.0143,397.3024,False,458341,False,312.2359896094521,1467.931357218934,28.03318103835983,1.51475568113259,8.654844933468087,2.61089330137095,17.80359151549945,9.43411437329499,16.36085332177996
Cercado de Lima,2016,1.618521662661522,9.539899973913714,12.28971750939601,74.50966371828841,2.042197135740361,False,9800.6072,1609.8959,2326.0642,True,271324,True,21.56180411633093,12583.54813614594,0.0,0.2474243945449287,0.1758526638094474,0.2444063687442627,0.06737291207215011,1.582075229239373,0.8568766886004054
Cercado de Lima,2017,1.618521662661522,9.539899973913714,12.28971750939601,74.50966371828841,2.042197135740361,False,9800.6072,1609.8959,2326.0642,True,271324,True,21.56180411633093,12583.54813614594,0.0,0.2474243945449287,0.1758526638094474,0.2444063687442627,0.06737291207215011,1.582075229239373,0.8568766886004054
Cercado de Lima,2018,1.618521662661522,9.539899973913714,12.28971750939601,74.50966371828841,2.042197135740361,False,9800.6072,1609.8959,2326.0642,True,271324,False,21.56180411633093,12583.54813614594,0.0,0.2474243945449287,0.1758526638094474,0.2444063687442627,0.06737291207215011,1.582075229239373,0.8568766886004054
Cercado de Lima,2019,1.618521662661522,9.539899973913714,12.28971750939601,74.50966371828841,2.042197135740361,False,9800.6072,1609.8959,2326.0642,False,269769,False,21.56180411633093,12511.42986665372,0.0,0.2474243945449287,0.1758526638094474,0.2444063687442627,0.06737291207215011,1.582075229239373,0.8568766886004054
Cercado de Lima,2020,1.618521662661522,9.539899973913714,12.28971750939601,74.50966371828841,2.042197135740361,False,7311.3446,854.5922,1414.0976,False,267379,False,21.56180411633093,12400.58570968498,0.0,0.2474243945449287,0.1758526638094474,0.2444063687442627,0.06737291207215011,1.582075229239373,0.8568766886004054
Cercado de Lima,2021,1.618521662661522,9.539899973913714,12.28971750939601,74.50966371828841,2.042197135740361,False,9500.7841,965.1982,2157.9422,False,267199,False,21.56180411633093,12392.23761418105,0.0,0.2474243945449287,0.1758526638094474,0.2444063687442627,0.06737291207215011,1.582075229239373,0.8568766886004054
Cercado de Lima,2022,1.618521662661522,9.539899973913714,12.28971750939601,74.50966371828841,2.042197135740361,False,11103.5757,1375.1138,2541.5251,False,266887,False,21.56180411633093,12377.76758197425,0.0,0.2474243945449287,0.1758526638094474,0.2444063687442627,0.06737291207215011,1.582075229239373,0.8568766886004054
Cercado de Lima,2023,1.618521662661522,9.539899973913714,12.28971750939601,74.50966371828841,2.042197135740361,False,12863.5066,2154.4882,3774.9515,False,266467,False,21.56180411633093,12358.2886924651,0.0,0.2474243945449287,0.1758526638094474,0.2444063687442627,0.06737291207215011,1.582075229239373,0.8568766886004054
Cercado de Lima,2024,1.618521662661522,9.539899973913714,12.28971750939601,74.50966371828841,2.042197135740361,False,12946.3027,1888.0338,4216.684,False,265991,False,21.56180411633093,12336.21261768806,0.0,0.2474243945449287,0.1758526638094474,0.2444063687442627,0.06737291207215011,1.582075229239373,0.8568766886004054
Cercado de Lima,2025,1.618521662661522,9.539899973913714,12.28971750939601,74.50966371828841,2.042197135740361,False,11828.4916,1197.3499,3561.5417,False,265503,False,21.56180411633093,12313.58000321076,0.0,0.2474243945449287,0.1758526638094474,0.2444063687442627,0.06737291207215011,1.582075229239373,0.8568766886004054
Chorrillos,2016,2.060080745799052,15.46439657801583,16.66066844611576,59.07866145684362,6.736192773225732,False,2045.7046,280.116,271.5411,True,342762,True,36.8824358616744,9293.36666606052,15.36895653423331,0.2605801692362736,0.4495968800508338,0.2348253453410464,5.422658908546442,2.161886850177177,6.826781061297351
Chorrillos,2017,2.060080745799052,15.46439657801583,16.66066844611576,59.07866145684362,6.736192773225732,False,2045.7046,280.116,271.5411,True,342762,True,36.8824358616744,9293.36666606052,15.36895653423331,0.2605801692362736,0.4495968800508338,0.2348253453410464,5.422658908546442,2.161886850177177,6.826781061297351
Chorrillos,2018,2.060080745799052,15.46439657801583,16.66066844611576,59.07866145684362,6.736192773225732,False,2045.7046,280.116,271.5411,True,342762,False,36.8824358616744,9293.36666606052,15.36895653423331,0.2605801692362736,0.4495968800508338,0.2348253453410464,5.422658908546442,2.161886850177177,6.826781061297351
Chorrillos,2019,2.060080745799052,15.46439657801583,16.66066844611576,59.07866145684362,6.736192773225732,False,2045.7046,280.116,271.5411,False,349855,False,36.8824358616744,9485.68042826977,15.36895653423331,0.2605801692362736,0.4495968800508338,0.2348253453410464,5.422658908546442,2.161886850177177,6.826781061297351
Chorrillos,2020,2.060080745799052,15.46439657801583,16.66066844611576,59.07866145684362,6.736192773225732,False,1408.514,135.4016,180.3482,False,355978,False,36.8824358616744,9651.69440909696,15.36895653423331,0.2605801692362736,0.4495968800508338,0.2348253453410464,5.422658908546442,2.161886850177177,6.826781061297351
Chorrillos,2021,2.060080745799052,15.46439657801583,16.66066844611576,59.07866145684362,6.736192773225732,False,1812.0677,243.1564,239.5643,False,361907,False,36.8824358616744,9812.448433647734,15.36895653423331,0.2605801692362736,0.4495968800508338,0.2348253453410464,5.422658908546442,2.161886850177177,6.826781061297351
Chorrillos,2022,2.060080745799052,15.46439657801583,16.66066844611576,59.07866145684362,6.736192773225732,False,2669.0348,459.5491,424.6811,False,367099,False,36.8824358616744,9953.220046983477,15.36895653423331,0.2605801692362736,0.4495968800508338,0.2348253453410464,5.422658908546442,2.161886850177177,6.826781061297351
Chorrillos,2023,2.060080745799052,15.46439657801583,16.66066844611576,59.07866145684362,6.736192773225732,False,3617.5238,742.1734,745.4014,False,371746,False,36.8824358616744,10079.21497902724,15.36895653423331,0.2605801692362736,0.4495968800508338,0.2348253453410464,5.422658908546442,2.161886850177177,6.826781061297351
Chorrillos,2024,2.060080745799052,15.46439657801583,16.66066844611576,59.07866145684362,6.736192773225732,False,2836.1289,404.9713,559.4614,False,376076,False,36.8824358616744,10196.61503406263,15.36895653423331,0.2605801692362736,0.4495968800508338,0.2348253453410464,5.422658908546442,2.161886850177177,6.826781061297351
Chorrillos,2025,2.060080745799052,15.46439657801583,16.66066844611576,59.07866145684362,6.736192773225732,False,2747.4738,229.8107,503.0067,False,380313,False,36.8824358616744,10311.49356366655,15.36895653423331,0.2605801692362736,0.4495968800508338,0.2348253453410464,5.422658908546442,2.161886850177177,6.826781061297351
Comas,2022,0.0,10.68232243529679,36.83129344426594,41.17590789263261,11.31047622780467,False,2802.4549,403.807,431.7498,False,586914,False,48.92829273827074,11995.39095180665,14.02208575966242,0.1301409188365995,0.4495214792634947,0.5390860214791349,3.215130538464148,5.972122819468228,4.011768547509408
Comas,2023,0.0,10.68232243529679,36.83129344426594,41.17590789263261,11.31047622780467,False,3405.3065,689.0364,599.6543,False,591841,False,48.92829273827074,12096.08933558954,14.02208575966242,0.1301409188365995,0.4495214792634947,0.5390860214791349,3.215130538464148,5.972122819468228,4.011768547509408
Comas,2024,0.0,10.68232243529679,36.83129344426594,41.17590789263261,11.31047622780467,False,3281.3585,505.5469,568.6145,False,596186,False,48.92829273827074,12184.89276110947,14.02208575966242,0.1301409188365995,0.4495214792634947,0.5390860214791349,3.215130538464148,5.972122819468228,4.011768547509408
Comas,2025,0.0,10.68232243529679,36.83129344426594,41.17590789263261,11.31047622780467,False,3025.1188,281.0229,460.5977,False,600307,False,48.92829273827074,12269.11805836323,14.02208575966242,0.1301409188365995,0.4495214792634947,0.5390860214791349,3.215130538464148,5.972122819468228,4.011768547509408
Jesús María,2016,13.3575386999122,15.24178604223171,31.94840715125057,39.45226810660552,0.0,False,6188.3375,739.0174,1593.7395,True,78791,True,4.336934812092879,18167.43931227727,3.469357675572061,0.389952486926967,0.1693162034267033,0.3931666125315741,0.298915782316672,1.317846228948459,0.78450798490302
Jesús María,2017,13.3575386999122,15.24178604223171,31.94840715125057,39.45226810660552,0.0,False,6188.3375,739.0174,1593.7395,True,78791,True,4.336934812092879,18167.43931227727,3.469357675572061,0.389952486926967,0.1693162034267033,0.3931666125315741,0.298915782316672,1.317846228948459,0.78450798490302
Jesús María,2018,13.3575386999122,15.24178604223171,31.94840715125057,39.45226810660552,0.0,False,6188.3375,739.0174,1593.7395,True,78791,False,4.336934812092879,18167.43931227727,3.469357675572061,0.389952486926967,0.1693162034267033,0.3931666125315741,0.298915782316672,1.317846228948459,0.78450798490302
Jesús María,2019,13.3575386999122,15.24178604223171,31.94840715125057,39.45226810660552,0.0,False,6188.3375,739.0174,1593.7395,False,80377,False,4.336934812092879,18533.1353784431,3.469357675572061,0.389952486926967,0.1693162034267033,0.3931666125315741,0.298915782316672,1.317846228948459,0.78450798490302
Jesús María,2020,13.3575386999122,15.24178604223171,31.94840715125057,39.45226810660552,0.0,False,3121.9799,252.0093,905.2763,False,81743,False,4.336934812092879,18848.10437364015,3.469357675572061,0.389952486926967,0.1693162034267033,0.3931666125315741,0.298915782316672,1.317846228948459,0.78450798490302
Jesús María,2021,13.3575386999122,15.24178604223171,31.94840715125057,39.45226810660552,0.0,False,3692.5714,331.9572,935.5158,False,82842,False,4.336934812092879,19101.50915088873,3.469357675572061,0.389952486926967,0.1693162034267033,0.3931666125315741,0.298915782316672,1.317846228948459,0.78450798490302
Jesús María,2022,13.3575386999122,15.24178604223171,31.94840715125057,39.45226810660552,0.0,False,4573.0835,620.9477,1229.9771,False,83904,False,4.336934812092879,19346.38255711074,3.469357675572061,0.389952486926967,0.1693162034267033,0.3931666125315741,0.298915782316672,1.317846228948459,0.78450798490302
Jesús María,2023,13.3575386999122,15.24178604223171,31.94840715125057,39.45226810660552,0.0,False,5730.1969,930.1121,1950.8807,False,84936,False,4.336934812092879,19584.33863547337,3.469357675572061,0.389952486926967,0.1693162034267033,0.3931666125315741,0.298915782316672,1.317846228948459,0.78450798490302
Jesús María,2024,13.3575386999122,15.24178604223171,31.94840715125057,39.45226810660552,0.0,False,5409.9963,508.4233,2040.6739,False,85952,False,4.336934812092879,19818.605472311,3.469357675572061,0.389952486926967,0.1693162034267033,0.3931666125315741,0.298915782316672,1.317846228948459,0.78450798490302
Jesús María,2025,13.3575386999122,15.24178604223171,31.94840715125057,39.45226810660552,0.0,False,4809.8704,215.0241,1838.6284,False,86967,False,4.336934812092879,20052.64173155332,3.469357675572061,0.389952486926967,0.1693162034267033,0.3931666125315741,0.298915782316672,1.317846228948459,0.78450798490302
La Molina,2016,12.91324417807682,38.55395949268224,16.77102082339388,31.76177550584707,0.0,False,1396.5277,70.3333,342.7956,True,154950,True,48.63638742566762,3185.886292167865,11.53531377104312,0.4585744798925374,1.399858112850038,0.3450943478478672,1.711736959974153,8.043592875908562,2.312721159251492
La Molina,2017,12.91324417807682,38.55395949268224,16.77102082339388,31.76177550584707,0.0,False,1396.5277,70.3333,342.7956,True,154950,True,48.63638742566762,3185.886292167865,11.53531377104312,0.4585744798925374,1.399858112850038,0.3450943478478672,1.711736959974153,8.043592875908562,2.312721159251492
La Molina,2018,12.91324417807682,38.55395949268224,16.77102082339388,31.76177550584707,0.0,False,1396.5277,70.3333,342.7956,True,154950,False,48.63638742566762,3185.886292167865,11.53531377104312,0.4585744798925374,1.399858112850038,0.3450943478478672,1.711736959974153,8.043592875908562,2.312721159251492
La Molina,2019,12.91324417807682,38.55395949268224,16.77102082339388,31.76177550584707,0.0,False,1396.5277,70.3333,342.7956,False,157820,False,48.63638742566762,3244.895609099274,11.53531377104312,0.4585744798925374,1.399858112850038,0.3450943478478672,1.711736959974153,8.043592875908562,2.312721159251492
La Molina,2020,12.91324417807682,38.55395949268224,16.77102082339388,31.76177550584707,0.0,False,1279.2991,52.4201,283.3179,False,160244,False,48.63638742566762,3294.734837058066,11.53531377104312,0.4585744798925374,1.399858112850038,0.3450943478478672,1.711736959974153,8.043592875908562,2.312721159251492
La Molina,2021,12.91324417807682,38.55395949268224,16.77102082339388,31.76177550584707,0.0,False,1724.6146,89.0877,376.6259,False,162761,False,48.63638742566762,3346.486213614288,11.53531377104312,0.4585744798925374,1.399858112850038,0.3450943478478672,1.711736959974153,8.043592875908562,2.312721159251492
La Molina,2022,12.91324417807682,38.55395949268224,16.77102082339388,31.76177550584707,0.0,False,2223.3669,134.5291,641.1344,False,165020,False,48.63638742566762,3392.932919867965,11.53531377104312,0.4585744798925374,1.399858112850038,0.3450943478478672,1.711736959974153,8.043592875908562,2.312721159251492
La Molina,2023,12.91324417807682,38.55395949268224,16.77102082339388,31.76177550584707,0.0,False,3065.994,280.0869,1035.364,False,167091,False,48.63638742566762,3435.51420745157,11.53531377104312,0.4585744798925374,1.399858112850038,0.3450943478478672,1.711736959974153,8.043592875908562,2.312721159251492
La Molina,2024,12.91324417807682,38.55395949268224,16.77102082339388,31.76177550584707,0.0,False,3052.8526,207.0332,1157.0199,False,169055,False,48.63638742566762,3475.895496111252,11.53531377104312,0.4585744798925374,1.399858112850038,0.3450943478478672,1.711736959974153,8.043592875908562,2.312721159251492
La Molina,2025,12.91324417807682,38.55395949268224,16.77102082339388,31.76177550584707,0.0,False,2924.5956,116.9604,981.298,False,170998,False,48.63638742566762,3515.845009281191,11.53531377104312,0.4585744798925374,1.399858112850038,0.3450943478478672,1.711736959974153,8.043592875908562,2.312721159251492
La Perla,2016,13.8405771582329,37.22789958768362,48.93152325408348,0.0,0.0,False,2104.7052,431.8543,197.9982,True,63657,True,3.264895317774247,19497.40919822091,9.907944839424168,0.1626275710152236,0.6485407561044267,0.3162999984281162,2.022278426950766,3.161180391308634,2.209240110520453
La Perla,2017,13.8405771582329,37.22789958768362,48.93152325408348,0.0,0.0,False,2104.7052,431.8543,197.9982,True,63657,True,3.264895317774247,19497.40919822091,9.907944839424168,0.1626275710152236,0.6485407561044267,0.3162999984281162,2.022278426950766,3.161180391308634,2.209240110520453
La Perla,2018,13.8405771582329,37.22789958768362,48.93152325408348,0.0,0.0,False,2104.7052,431.8543,197.9982,True,63657,False,3.264895317774247,19497.40919822091,9.907944839424168,0.1626275710152236,0.6485407561044267,0.3162999984281162,2.022278426950766,3.161180391308634,2.209240110520453
La Perla,2019,13.8405771582329,37.22789958768362,48.93152325408348,0.0,0.0,False,2104.7052,431.8543,197.9982,False,64142,False,3.264895317774247,19645.95913713002,9.907944839424168,0.1626275710152236,0.6485407561044267,0.3162999984281162,2.022278426950766,3.161180391308634,2.209240110520453
La Perla,2020,13.8405771582329,37.22789958768362,48.93152325408348,0.0,0.0,False,1546.8396,148.9434,161.3554,False,64454,False,3.264895317774247,19741.52115968599,9.907944839424168,0.1626275710152236,0.6485407561044267,0.3162999984281162,2.022278426950766,3.161180391308634,2.209240110520453
La Perla,2021,13.8405771582329,37.22789958768362,48.93152325408348,0.0,0.0,False,2372.7605,302.2131,223.1728,False,64524,False,3.264895317774247,19762.96135705431,9.907944839424168,0.1626275710152236,0.6485407561044267,0.3162999984281162,2.022278426950766,3.161180391308634,2.209240110520453
La Perla,2022,13.8405771582329,37.22789958768362,48.93152325408348,0.0,0.0,False,1894.3849,143.9361,143.9361,False,64612,False,3.264895317774247,19789.91474803164,9.907944839424168,0.1626275710152236,0.6485407561044267,0.3162999984281162,2.022278426950766,3.161180391308634,2.209240110520453
La Perla,2023,13.8405771582329,37.22789958768362,48.93152325408348,0.0,0.0,False,3166.2391,480.5761,516.1171,False,64714,False,3.264895317774247,19821.15617848262,9.907944839424168,0.1626275710152236,0.6485407561044267,0.3162999984281162,2.022278426950766,3.161180391308634,2.209240110520453
La Perla,2024,13.8405771582329,37.22789958768362,48.93152325408348,0.0,0.0,False,2452.7196,377.9348,360.9663,False,64826,False,3.264895317774247,19855.46049427194,9.907944839424168,0.1626275710152236,0.6485407561044267,0.3162999984281162,2.022278426950766,3.161180391308634,2.209240110520453
La Perla,2025,13.8405771582329,37.22789958768362,48.93152325408348,0.0,0.0,False,2442.0664,160.1355,335.6686,False,64945,False,3.264895317774247,19891.9088297981,9.907944839424168,0.1626275710152236,0.6485407561044267,0.3162999984281162,2.022278426950766,3.161180391308634,2.209240110520453
La Victoria,2022,2.538037542480654,9.372967304197457,11.36348492084436,69.60903987415202,7.116470358325519,False,4163.6339,536.9368,1437.2818,False,189594,False,9.119002909812751,20791.08888055976,2.135886279802012,0.2769027219746055,0.2365278378272125,0.5373577089124588,0.5364368438242428,1.84067866536577,2.019693775602409
La Victoria,2023,2.538037542480654,9.372967304197457,11.36348492084436,69.60903987415202,7.116470358325519,False,5563.2472,1519.7856,2055.6851,False,189961,False,9.119002909812751,20831.33450868705,2.135886279802012,0.2769027219746055,0.2365278378272125,0.5373577089124588,0.5364368438242428,1.84067866536577,2.019693775602409
La Victoria,2024,2.538037542480654,9.372967304197457,11.36348492084436,69.60903987415202,7.116470358325519,False,5688.1602,1230.2275,2215.0402,False,190290,False,9.119002909812751,20867.41301455593,2.135886279802012,0.2769027219746055,0.2365278378272125,0.5373577089124588,0.5364368438242428,1.84067866536577,2.019693775602409
La Victoria,2025,2.538037542480654,9.372967304197457,11.36348492084436,69.60903987415202,7.116470358325519,False,4559.5241,612.7631,1899.1459,False,190612,False,9.119002909812751,20902.72389264036,2.135886279802012,0.2769027219746055,0.2365278378272125,0.5373577089124588,0.5364368438242428,1.84067866536577,2.019693775602409
Lince,2016,13.3575386999122,15.24178604223171,31.94840715125057,39.45226810660552,0.0,True,5907.4865,1214.2604,2016.4491,True,58668,True,2.74700437360458,21357.08285131584,3.527652389198268,0.1951036759750951,0.5013037219561526,0.1005054581250733,1.289670429162354,0.6798638606373213,0.5401477654039949
Lince,2017,13.3575386999122,15.24178604223171,31.94840715125057,39.45226810660552,0.0,True,5907.4865,1214.2604,2016.4491,True,58668,True,2.74700437360458,21357.08285131584,3.527652389198268,0.1951036759750951,0.5013037219561526,0.1005054581250733,1.289670429162354,0.6798638606373213,0.5401477654039949
Lince,2018,13.3575386999122,15.24178604223171,31.94840715125057,39.45226810660552,0.0,True,5907.4865,1214.2604,2016.4491,True,58668,False,2.74700437360458,21357.08285131584,3.527652389198268,0.1951036759750951,0.5013037219561526,0.1005054581250733,1.289670429162354,0.6798638606373213,0.5401477654039949
Lince,2019,13.3575386999122,15.24178604223171,31.94840715125057,39.45226810660552,0.0,True,5907.4865,1214.2604,2016.4491,False,59213,False,2.74700437360458,21555.48078807808,3.527652389198268,0.1951036759750951,0.5013037219561526,0.1005054581250733,1.289670429162354,0.6798638606373213,0.5401477654039949
Lince,2020,13.3575386999122,15.24178604223171,31.94840715125057,39.45226810660552,0.0,True,3704.3875,495.1492,1037.2956,False,59578,False,2.74700437360458,21688.35280077206,3.527652389198268,0.1951036759750951,0.5013037219561526,0.1005054581250733,1.289670429162354,0.6798638606373213,0.5401477654039949
Lince,2021,13.3575386999122,15.24178604223171,31.94840715125057,39.45226810660552,0.0,True,3840.2559,349.5639,1475.7531,False,60647,False,2.74700437360458,22077.50398315525,3.527652389198268,0.1951036759750951,0.5013037219561526,0.1005054581250733,1.289670429162354,0.6798638606373213,0.5401477654039949
Lince,2022,13.3575386999122,15.24178604223171,31.94840715125057,39.45226810660552,0.0,True,3978.0188,361.4907,1530.2566,False,61689,False,2.74700437360458,22456.82627692819,3.527652389198268,0.1951036759750951,0.5013037219561526,0.1005054581250733,1.289670429162354,0.6798638606373213,0.5401477654039949
Lince,2023,13.3575386999122,15.24178604223171,31.94840715125057,39.45226810660552,0.0,True,4885.9052,939.2292,1720.5913,False,62711,False,2.74700437360458,22828.86791247133,3.527652389198268,0.1951036759750951,0.5013037219561526,0.1005054581250733,1.289670429162354,0.6798638606373213,0.5401477654039949
Lince,2024,13.3575386999122,15.24178604223171,31.94840715125057,39.45226810660552,0.0,True,6654.0073,1029.4879,2837.3692,False,63721,False,2.74700437360458,23196.54115307658,3.527652389198268,0.1951036759750951,0.5013037219561526,0.1005054581250733,1.289670429162354,0.6798638606373213,0.5401477654039949
Lince,2025,13.3575386999122,15.24178604223171,31.94840715125057,39.45226810660552,0.0,True,4372.0068,318.245,1751.8925,False,64730,False,2.74700437360458,23563.85036077035,3.527652389198268,0.1951036759750951,0.5013037219561526,0.1005054581250733,1.289670429162354,0.6798638606373213,0.5401477654039949
Los Olivos,2016,2.778484308196087,7.023272098994535,40.46906773317068,49.7291758596387,0.0,False,3761.1,670.8679,739.3297,True,345159,True,18.20940703336545,18954.98295839938,10.53383108723038,0.1150488364216163,0.368466773225929,0.6547877403987759,3.778820112480513,3.882898327710834,3.062651332376713
Los Olivos,2017,2.778484308196087,7.023272098994535,40.46906773317068,49.7291758596387,0.0,False,3761.1,670.8679,739.3297,True,345159,True,18.20940703336545,18954.98295839938,10.53383108723038,0.1150488364216163,0.368466773225929,0.6547877403987759,3.778820112480513,3.882898327710834,3.062651332376713
Los Olivos,2018,2.778484308196087,7.023272098994535,40.46906773317068,49.7291758596387,0.0,False,3761.1,670.8679,739.3297,True,345159,False,18.20940703336545,18954.98295839938,10.53383108723038,0.1150488364216163,0.368466773225929,0.6547877403987759,3.778820112480513,3.882898327710834,3.062651332376713
Los Olivos,2019,2.778484308196087,7.023272098994535,40.46906773317068,49.7291758596387,0.0,False,3761.1,670.8679,739.3297,False,349100,False,18.20940703336545,19171.40955553013,10.53383108723038,0.1150488364216163,0.368466773225929,0.6547877403987759,3.778820112480513,3.882898327710834,3.062651332376713
Los Olivos,2020,2.778484308196087,7.023272098994535,40.46906773317068,49.7291758596387,0.0,False,3089.922,435.5324,602.0177,False,351983,False,18.20940703336545,19329.7343156235,10.53383108723038,0.1150488364216163,0.368466773225929,0.6547877403987759,3.778820112480513,3.882898327710834,3.062651332376713
Los Olivos,2021,2.778484308196087,7.023272098994535,40.46906773317068,49.7291758596387,0.0,False,3227.8752,526.8221,608.3909,False,355528,False,18.20940703336545,19524.41391136785,10.53383108723038,0.1150488364216163,0.368466773225929,0.6547877403987759,3.778820112480513,3.882898327710834,3.062651332376713
Los Olivos,2022,2.778484308196087,7.023272098994535,40.46906773317068,49.7291758596387,0.0,False,3631.8297,709.6487,680.3934,False,358910,False,18.20940703336545,19710.14208987488,10.53383108723038,0.1150488364216163,0.368466773225929,0.6547877403987759,3.778820112480513,3.882898327710834,3.062651332376713
Los Olivos,2023,2.778484308196087,7.023272098994535,40.46906773317068,49.7291758596387,0.0,False,4609.0253,1177.1073,1054.7853,False,362159,False,18.20940703336545,19888.5663512496,10.53383108723038,0.1150488364216163,0.368466773225929,0.6547877403987759,3.778820112480513,3.882898327710834,3.062651332376713
Los Olivos,2024,2.778484308196087,7.023272098994535,40.46906773317068,49.7291758596387,0.0,False,4300.9369,884.3841,995.24,False,365339,False,18.20940703336545,20063.20136238276,10.53383108723038,0.1150488364216163,0.368466773225929,0.6547877403987759,3.778820112480513,3.882898327710834,3.062651332376713
Los Olivos,2025,2.778484308196087,7.023272098994535,40.46906773317068,49.7291758596387,0.0,False,3539.9215,425.4961,741.6332,False,368511,False,18.20940703336545,20237.39704015458,10.53383108723038,0.1150488364216163,0.368466773225929,0.6547877403987759,3.778820112480513,3.882898327710834,3.062651332376713
Magdalena,2016,0.0,79.49977988314374,20.50022011685625,0.0,0.0,True,5254.009,679.6542,941.1802,True,62406,True,3.641148805054522,17139.09629657817,6.203244024031197,0.1529095999708317,0.6372103268303039,0.2619030639218696,0.9321476510372348,2.825464575656512,1.688127358723532
Magdalena,2017,0.0,79.49977988314374,20.50022011685625,0.0,0.0,True,5254.009,679.6542,941.1802,True,62406,True,3.641148805054522,17139.09629657817,6.203244024031197,0.1529095999708317,0.6372103268303039,0.2619030639218696,0.9321476510372348,2.825464575656512,1.688127358723532
Magdalena,2018,0.0,79.49977988314374,20.50022011685625,0.0,0.0,True,5254.009,679.6542,941.1802,True,62406,False,3.641148805054522,17139.09629657817,6.203244024031197,0.1529095999708317,0.6372103268303039,0.2619030639218696,0.9321476510372348,2.825464575656512,1.688127358723532
Magdalena,2019,0.0,79.49977988314374,20.50022011685625,0.0,0.0,True,5254.009,679.6542,941.1802,False,63856,False,3.641148805054522,17537.32226251155,6.203244024031197,0.1529095999708317,0.6372103268303039,0.2619030639218696,0.9321476510372348,2.825464575656512,1.688127358723532
Magdalena,2020,0.0,79.49977988314374,20.50022011685625,0.0,0.0,True,3208.5233,222.6009,544.9884,False,65139,False,3.641148805054522,17889.68358271329,6.203244024031197,0.1529095999708317,0.6372103268303039,0.2619030639218696,0.9321476510372348,2.825464575656512,1.688127358723532
Magdalena,2021,0.0,79.49977988314374,20.50022011685625,0.0,0.0,True,3480.0794,255.7776,836.5431,False,66464,False,3.641148805054522,18253.57972399724,6.203244024031197,0.1529095999708317,0.6372103268303039,0.2619030639218696,0.9321476510372348,2.825464575656512,1.688127358723532
Magdalena,2022,0.0,79.49977988314374,20.50022011685625,0.0,0.0,True,3454.7896,345.3314,988.7694,False,67761,False,3.641148805054522,18609.78598455972,6.203244024031197,0.1529095999708317,0.6372103268303039,0.2619030639218696,0.9321476510372348,2.825464575656512,1.688127358723532
Magdalena,2023,0.0,79.49977988314374,20.50022011685625,0.0,0.0,True,3233.1894,404.1487,1042.9643,False,69034,False,3.641148805054522,18959.4009187895,6.203244024031197,0.1529095999708317,0.6372103268303039,0.2619030639218696,0.9321476510372348,2.825464575656512,1.688127358723532
Magdalena,2024,0.0,79.49977988314374,20.50022011685625,0.0,0.0,True,2695.7437,217.6511,748.2645,False,70296,False,3.641148805054522,19305.99482845014,6.203244024031197,0.1529095999708317,0.6372103268303039,0.2619030639218696,0.9321476510372348,2.825464575656512,1.688127358723532
Magdalena,2025,0.0,79.49977988314374,20.50022011685625,0.0,0.0,True,2287.6548,61.4886,568.7694,False,71558,False,3.641148805054522,19652.58873811078,6.203244024031197,0.1529095999708317,0.6372103268303039,0.2619030639218696,0.9321476510372348,2.825464575656512,1.688127358723532
Miraflores,2016,31.64701362599154,21.93909537545002,8.14160376581447,38.27228723274397,0.0,False,4140.1602,564.0137,1307.9121,True,104334,True,9.181773811488258,11363.16382238223,7.262125035772389,0.2197238385855455,0.1924049619189878,0.07481696225547448,0.09955513658828007,1.734795329328659,1.51933227700684
Miraflores,2017,31.64701362599154,21.93909537545002,8.14160376581447,38.27228723274397,0.0,False,4140.1602,564.0137,1307.9121,True,104334,True,9.181773811488258,11363.16382238223,7.262125035772389,0.2197238385855455,0.1924049619189878,0.07481696225547448,0.09955513658828007,1.734795329328659,1.51933227700684
Miraflores,2018,31.64701362599154,21.93909537545002,8.14160376581447,38.27228723274397,0.0,False,4140.1602,564.0137,1307.9121,True,104334,False,9.181773811488258,11363.16382238223,7.262125035772389,0.2197238385855455,0.1924049619189878,0.07481696225547448,0.09955513658828007,1.734795329328659,1.51933227700684
Miraflores,2019,31.64701362599154,21.93909537545002,8.14160376581447,38.27228723274397,0.0,False,4140.1602,564.0137,1307.9121,False,106735,False,9.181773811488258,11624.66013554515,7.262125035772389,0.2197238385855455,0.1924049619189878,0.07481696225547448,0.09955513658828007,1.734795329328659,1.51933227700684
Miraflores,2020,31.64701362599154,21.93909537545002,8.14160376581447,38.27228723274397,0.0,False,2669.6064,288.4571,747.7837,False,108855,False,9.181773811488258,11855.55234042036,7.262125035772389,0.2197238385855455,0.1924049619189878,0.07481696225547448,0.09955513658828007,1.734795329328659,1.51933227700684
Miraflores,2021,31.64701362599154,21.93909537545002,8.14160376581447,38.27228723274397,0.0,False,3712.1635,448.7329,1350.6951,False,111202,False,9.181773811488258,12111.16743704401,7.262125035772389,0.2197238385855455,0.1924049619189878,0.07481696225547448,0.09955513658828007,1.734795329328659,1.51933227700684
Miraflores,2022,31.64701362599154,21.93909537545002,8.14160376581447,38.27228723274397,0.0,False,5485.3176,714.5186,2221.0867,False,113503,False,9.181773811488258,12361.77260846752,7.262125035772389,0.2197238385855455,0.1924049619189878,0.07481696225547448,0.09955513658828007,1.734795329328659,1.51933227700684
Miraflores,2023,31.64701362599154,21.93909537545002,8.14160376581447,38.27228723274397,0.0,False,10518.6324,1579.9112,4882.2625,False,115766,False,9.181773811488258,12608.23914603007,7.262125035772389,0.2197238385855455,0.1924049619189878,0.07481696225547448,0.09955513658828007,1.734795329328659,1.51933227700684
Miraflores,2024,31.64701362599154,21.93909537545002,8.14160376581447,38.27228723274397,0.0,False,10306.841,1093.9844,5287.7323,False,118009,False,9.181773811488258,12852.52745524474,7.262125035772389,0.2197238385855455,0.1924049619189878,0.07481696225547448,0.09955513658828007,1.734795329328659,1.51933227700684
Miraflores,2025,31.64701362599154,21.93909537545002,8.14160376581447,38.27228723274397,0.0,False,7520.0412,484.8152,3240.6945,False,120252,False,9.181773811488258,13096.81576445941,7.262125035772389,0.2197238385855455,0.1924049619189878,0.07481696225547448,0.09955513658828007,1.734795329328659,1.51933227700684
Pueblo Libre,2016,0.0,79.49977988314374,20.50022011685625,0.0,0.0,False,3766.9377,911.6531,1243.3604,True,90244,True,4.637774890703321,19458.46922861632,4.814569595720119,0.1272571344503592,0.8180765020333999,0.2940095918919574,1.72441865746656,2.300256565812146,0.8456355953615805
Pueblo Libre,2017,0.0,79.49977988314374,20.50022011685625,0.0,0.0,False,3766.9377,911.6531,1243.3604,True,90244,True,4.637774890703321,19458.46922861632,4.814569595720119,0.1272571344503592,0.8180765020333999,0.2940095918919574,1.72441865746656,2.300256565812146,0.8456355953615805
Pueblo Libre,2018,0.0,79.49977988314374,20.50022011685625,0.0,0.0,False,3766.9377,911.6531,1243.3604,True,90244,False,4.637774890703321,19458.46922861632,4.814569595720119,0.1272571344503592,0.8180765020333999,0.2940095918919574,1.72441865746656,2.300256565812146,0.8456355953615805
Pueblo Libre,2019,0.0,79.49977988314374,20.50022011685625,0.0,0.0,False,3766.9377,911.6531,1243.3604,False,92250,False,4.637774890703321,19891.00423673436,4.814569595720119,0.1272571344503592,0.8180765020333999,0.2940095918919574,1.72441865746656,2.300256565812146,0.8456355953615805
Pueblo Libre,2020,0.0,79.49977988314374,20.50022011685625,0.0,0.0,False,2062.5465,239.3362,457.3981,False,94010,False,4.637774890703321,20270.49656688777,4.814569595720119,0.1272571344503592,0.8180765020333999,0.2940095918919574,1.72441865746656,2.300256565812146,0.8456355953615805
Pueblo Libre,2021,0.0,79.49977988314374,20.50022011685625,0.0,0.0,False,2121.9301,274.5045,515.6092,False,95809,False,4.637774890703321,20658.39810208436,4.814569595720119,0.1272571344503592,0.8180765020333999,0.2940095918919574,1.72441865746656,2.300256565812146,0.8456355953615805
Pueblo Libre,2022,0.0,79.49977988314374,20.50022011685625,0.0,0.0,False,2791.899,439.6933,763.57,False,97568,False,4.637774890703321,21037.67481159564,4.814569595720119,0.1272571344503592,0.8180765020333999,0.2940095918919574,1.72441865746656,2.300256565812146,0.8456355953615805
Pueblo Libre,2023,0.0,79.49977988314374,20.50022011685625,0.0,0.0,False,2815.9368,596.2212,698.9486,False,99292,False,4.637774890703321,21409.40479863228,4.814569595720119,0.1272571344503592,0.8180765020333999,0.2940095918919574,1.72441865746656,2.300256565812146,0.8456355953615805
Pueblo Libre,2024,0.0,79.49977988314374,20.50022011685625,0.0,0.0,False,2291.0891,267.3267,521.7822,False,101000,False,4.637774890703321,21777.6848553948,4.814569595720119,0.1272571344503592,0.8180765020333999,0.2940095918919574,1.72441865746656,2.300256565812146,0.8456355953615805
Pueblo Libre,2025,0.0,79.49977988314374,20.50022011685625,0.0,0.0,False,2869.3273,211.2806,753.6,False,102707,False,4.637774890703321,22145.74929151519,4.814569595720119,0.1272571344503592,0.8180765020333999,0.2940095918919574,1.72441865746656,2.300256565812146,0.8456355953615805
San Borja,2016,46.79871562077545,28.97093586874865,24.2303485104759,0.0,0.0,False,1974.709,194.1158,673.4141,True,122913,True,10.33058823071902,11897.96720718246,5.785262203604386,0.2152880626327043,0.3304151129331351,0.01109322854266108,2.386175417321085,3.708137001486965,4.722475758699692
San Borja,2017,46.79871562077545,28.97093586874865,24.2303485104759,0.0,0.0,False,1974.709,194.1158,673.4141,True,122913,True,10.33058823071902,11897.96720718246,5.785262203604386,0.2152880626327043,0.3304151129331351,0.01109322854266108,2.386175417321085,3.708137001486965,4.722475758699692
San Borja,2018,46.79871562077545,28.97093586874865,24.2303485104759,0.0,0.0,False,1974.709,194.1158,673.4141,True,122913,False,10.33058823071902,11897.96720718246,5.785262203604386,0.2152880626327043,0.3304151129331351,0.01109322854266108,2.386175417321085,3.708137001486965,4.722475758699692
San Borja,2019,46.79871562077545,28.97093586874865,24.2303485104759,0.0,0.0,False,1974.709,194.1158,673.4141,False,125183,False,10.33058823071902,12117.70300046962,5.785262203604386,0.2152880626327043,0.3304151129331351,0.01109322854266108,2.386175417321085,3.708137001486965,4.722475758699692
San Borja,2020,46.79871562077545,28.97093586874865,24.2303485104759,0.0,0.0,False,1595.5689,99.133,360.3405,False,127102,False,10.33058823071902,12303.46202571986,5.785262203604386,0.2152880626327043,0.3304151129331351,0.01109322854266108,2.386175417321085,3.708137001486965,4.722475758699692
San Borja,2021,46.79871562077545,28.97093586874865,24.2303485104759,0.0,0.0,False,2247.1823,205.2752,522.8708,False,129095,False,10.33058823071902,12496.38424423145,5.785262203604386,0.2152880626327043,0.3304151129331351,0.01109322854266108,2.386175417321085,3.708137001486965,4.722475758699692
San Borja,2022,46.79871562077545,28.97093586874865,24.2303485104759,0.0,0.0,False,2680.2769,259.0119,749.5301,False,130882,False,10.33058823071902,12669.365681502,5.785262203604386,0.2152880626327043,0.3304151129331351,0.01109322854266108,2.386175417321085,3.708137001486965,4.722475758699692
San Borja,2023,46.79871562077545,28.97093586874865,24.2303485104759,0.0,0.0,False,3556.4175,466.3412,1195.2823,False,132521,False,10.33058823071902,12828.02073224986,5.785262203604386,0.2152880626327043,0.3304151129331351,0.01109322854266108,2.386175417321085,3.708137001486965,4.722475758699692
San Borja,2024,46.79871562077545,28.97093586874865,24.2303485104759,0.0,0.0,False,3466.7164,325.1911,1168.7488,False,134075,False,10.33058823071902,12978.44779073807,5.785262203604386,0.2152880626327043,0.3304151129331351,0.01109322854266108,2.386175417321085,3.708137001486965,4.722475758699692
San Borja,2025,46.79871562077545,28.97093586874865,24.2303485104759,0.0,0.0,False,3564.555,158.5394,1205.6366,False,135613,False,10.33058823071902,13127.32605068329,5.785262203604386,0.2152880626327043,0.3304151129331351,0.01109322854266108,2.386175417321085,3.708137001486965,4.722475758699692
San Isidro,2016,36.87720086634263,46.05822892583829,17.06457020781907,0.0,0.0,False,5381.4408,672.867,1541.6131,True,65861,True,9.76731722791095,6742.997945412944,4.973795255602481,0.5646146841151479,0.4100279451307964,0.2302462333076384,0.1794857118183576,0.3253796946249457,2.008818799692065
San Isidro,2017,36.87720086634263,46.05822892583829,17.06457020781907,0.0,0.0,False,5381.4408,672.867,1541.6131,True,65861,True,9.76731722791095,6742.997945412944,4.973795255602481,0.5646146841151479,0.4100279451307964,0.2302462333076384,0.1794857118183576,0.3253796946249457,2.008818799692065
San Isidro,2018,36.87720086634263,46.05822892583829,17.06457020781907,0.0,0.0,False,5381.4408,672.867,1541.6131,True,65861,False,9.76731722791095,6742.997945412944,4.973795255602481,0.5646146841151479,0.4100279451307964,0.2302462333076384,0.1794857118183576,0.3253796946249457,2.008818799692065
San Isidro,2019,36.87720086634263,46.05822892583829,17.06457020781907,0.0,0.0,False,5381.4408,672.867,1541.6131,False,66878,False,9.76731722791095,6847.120702590712,4.973795255602481,0.5646146841151479,0.4100279451307964,0.2302462333076384,0.1794857118183576,0.3253796946249457,2.008818799692065
San Isidro,2020,36.87720086634263,46.05822892583829,17.06457020781907,0.0,0.0,False,2911.2447,273.2523,869.9762,False,67703,False,9.76731722791095,6931.586066083002,4.973795255602481,0.5646146841151479,0.4100279451307964,0.2302462333076384,0.1794857118183576,0.3253796946249457,2.008818799692065
San Isidro,2021,36.87720086634263,46.05822892583829,17.06457020781907,0.0,0.0,False,3326.3367,345.4609,1026.1792,False,68604,False,9.76731722791095,7023.83248124246,4.973795255602481,0.5646146841151479,0.4100279451307964,0.2302462333076384,0.1794857118183576,0.3253796946249457,2.008818799692065
San Isidro,2022,36.87720086634263,46.05822892583829,17.06457020781907,0.0,0.0,False,3280.5544,269.4175,917.7484,False,69409,False,9.76731722791095,7106.250199559179,4.973795255602481,0.5646146841151479,0.4100279451307964,0.2302462333076384,0.1794857118183576,0.3253796946249457,2.008818799692065
San Isidro,2023,36.87720086634263,46.05822892583829,17.06457020781907,0.0,0.0,False,6207.2308,739.9065,2469.2062,False,70144,False,9.76731722791095,7181.5011597614,4.973795255602481,0.5646146841151479,0.4100279451307964,0.2302462333076384,0.1794857118183576,0.3253796946249457,2.008818799692065
San Isidro,2024,36.87720086634263,46.05822892583829,17.06457020781907,0.0,0.0,False,7254.3761,439.0175,3418.9723,False,70840,False,9.76731722791095,7252.759211871259,4.973795255602481,0.5646146841151479,0.4100279451307964,0.2302462333076384,0.1794857118183576,0.3253796946249457,2.008818799692065
San Isidro,2025,36.87720086634263,46.05822892583829,17.06457020781907,0.0,0.0,False,5706.9358,202.7207,2394.8998,False,71527,False,9.76731722791095,7323.095823652111,4.973795255602481,0.5646146841151479,0.4100279451307964,0.2302462333076384,0.1794857118183576,0.3253796946249457,2.008818799692065
San Miguel,2016,20.72746085915268,0.0,31.65057736263096,47.62196177821635,0.0,False,2489.928,132.3236,327.2646,True,164836,True,9.689690687456771,17011.48213259056,7.322601670807407,0.09681744723992028,0.2265086983240374,0.2490102435705783,1.789771755574454,0.7422665479856633,2.03820857982307
San Miguel,2017,20.72746085915268,0.0,31.65057736263096,47.62196177821635,0.0,False,2489.928,132.3236,327.2646,True,164836,True,9.689690687456771,17011.48213259056,7.322601670807407,0.09681744723992028,0.2265086983240374,0.2490102435705783,1.789771755574454,0.7422665479856633,2.03820857982307
San Miguel,2018,20.72746085915268,0.0,31.65057736263096,47.62196177821635,0.0,False,2489.928,132.3236,327.2646,True,164836,False,9.689690687456771,17011.48213259056,7.322601670807407,0.09681744723992028,0.2265086983240374,0.2490102435705783,1.789771755574454,0.7422665479856633,2.03820857982307
San Miguel,2019,20.72746085915268,0.0,31.65057736263096,47.62196177821635,0.0,False,2489.928,132.3236,327.2646,False,169282,False,9.689690687456771,17470.32030848355,7.322601670807407,0.09681744723992028,0.2265086983240374,0.2490102435705783,1.789771755574454,0.7422665479856633,2.03820857982307
San Miguel,2020,20.72746085915268,0.0,31.65057736263096,47.62196177821635,0.0,False,1729.2812,50.7764,245.2267,False,173309,False,9.689690687456771,17885.91664998627,7.322601670807407,0.09681744723992028,0.2265086983240374,0.2490102435705783,1.789771755574454,0.7422665479856633,2.03820857982307
San Miguel,2021,20.72746085915268,0.0,31.65057736263096,47.62196177821635,0.0,False,1981.2151,103.2941,339.7982,False,177164,False,9.689690687456771,18283.76216687055,7.322601670807407,0.09681744723992028,0.2265086983240374,0.2490102435705783,1.789771755574454,0.7422665479856633,2.03820857982307
San Miguel,2022,20.72746085915268,0.0,31.65057736263096,47.62196177821635,0.0,False,2185.4778,156.6591,386.9425,False,180647,False,9.689690687456771,18643.21636539401,7.322601670807407,0.09681744723992028,0.2265086983240374,0.2490102435705783,1.789771755574454,0.7422665479856633,2.03820857982307
San Miguel,2023,20.72746085915268,0.0,31.65057736263096,47.62196177821635,0.0,False,2578.0766,345.9191,632.5534,False,183858,False,9.689690687456771,18974.59949242784,7.322601670807407,0.09681744723992028,0.2265086983240374,0.2490102435705783,1.789771755574454,0.7422665479856633,2.03820857982307
San Miguel,2024,20.72746085915268,0.0,31.65057736263096,47.62196177821635,0.0,False,2775.0136,269.637,648.4127,False,186918,False,9.689690687456771,19290.39904668618,7.322601670807407,0.09681744723992028,0.2265086983240374,0.2490102435705783,1.789771755574454,0.7422665479856633,2.03820857982307
San Miguel,2025,20.72746085915268,0.0,31.65057736263096,47.62196177821635,0.0,False,2040.5692,64.2284,347.4653,False,189947,False,9.689690687456771,19602.99932441444,7.322601670807407,0.09681744723992028,0.2265086983240374,0.2490102435705783,1.789771755574454,0.7422665479856633,2.03820857982307
Surco,2016,29.42398768403683,24.96606857739863,23.381478717847,22.22846502071755,0.0,False,3321.732,632.1113,933.3085,True,385178,True,34.63871824848918,11119.86873292577,9.183895699903681,0.3269231246525643,0.1758952386865574,0.531053416880556,0.3675069266666668,2.031069313838686,4.593812643639284
Surco,2017,29.42398768403683,24.96606857739863,23.381478717847,22.22846502071755,0.0,False,3321.732,632.1113,933.3085,True,385178,True,34.63871824848918,11119.86873292577,9.183895699903681,0.3269231246525643,0.1758952386865574,0.531053416880556,0.3675069266666668,2.031069313838686,4.593812643639284
Surco,2018,29.42398768403683,24.96606857739863,23.381478717847,22.22846502071755,0.0,False,3321.732,632.1113,933.3085,True,385178,False,34.63871824848918,11119.86873292577,9.183895699903681,0.3269231246525643,0.1758952386865574,0.531053416880556,0.3675069266666668,2.031069313838686,4.593812643639284
Surco,2019,29.42398768403683,24.96606857739863,23.381478717847,22.22846502071755,0.0,False,3321.732,632.1113,933.3085,False,397082,False,34.63871824848918,11463.5304098563,9.183895699903681,0.3269231246525643,0.1758952386865574,0.531053416880556,0.3675069266666668,2.031069313838686,4.593812643639284
Surco,2020,29.42398768403683,24.96606857739863,23.381478717847,22.22846502071755,0.0,False,2302.9459,222.2571,510.4316,False,408086,False,34.63871824848918,11781.2096011318,9.183895699903681,0.3269231246525643,0.1758952386865574,0.531053416880556,0.3675069266666668,2.031069313838686,4.593812643639284
Surco,2021,29.42398768403683,24.96606857739863,23.381478717847,22.22846502071755,0.0,False,2404.9722,289.5142,666.1966,False,414142,False,34.63871824848918,11956.04286016165,9.183895699903681,0.3269231246525643,0.1758952386865574,0.531053416880556,0.3675069266666668,2.031069313838686,4.593812643639284
Surco,2022,29.42398768403683,24.96606857739863,23.381478717847,22.22846502071755,0.0,False,2604.4246,300.4647,780.2084,False,420016,False,34.63871824848918,12125.62188320348,9.183895699903681,0.3269231246525643,0.1758952386865574,0.531053416880556,0.3675069266666668,2.031069313838686,4.593812643639284
Surco,2023,29.42398768403683,24.96606857739863,23.381478717847,22.22846502071755,0.0,False,3510.1235,583.2198,1197.6793,False,425740,False,34.63871824848918,12290.87049196947,9.183895699903681,0.3269231246525643,0.1758952386865574,0.531053416880556,0.3675069266666668,2.031069313838686,4.593812643639284
Surco,2024,29.42398768403683,24.96606857739863,23.381478717847,22.22846502071755,0.0,False,3513.7823,442.9897,1261.5123,False,431387,False,34.63871824848918,12453.89615474053,9.183895699903681,0.3269231246525643,0.1758952386865574,0.531053416880556,0.3675069266666668,2.031069313838686,4.593812643639284
Surco,2025,29.42398768403683,24.96606857739863,23.381478717847,22.22846502071755,0.0,False,2995.4602,191.2921,1028.0806,False,437028,False,34.63871824848918,12616.74860094056,9.183895699903681,0.3269231246525643,0.1758952386865574,0.531053416880556,0.3675069266666668,2.031069313838686,4.593812643639284
Surquillo,2016,18.18516576399533,6.678769496734777,30.30244688576395,44.83361785350595,0.0,False,2640.9248,118.7159,394.3781,True,98159,True,4.605550761611293,21313.19468198809,6.603430074768376,0.0744723152222811,0.3090944598419629,0.1177953229053245,0.2342238189427165,1.914550669107528,2.709421217130969
Surquillo,2017,18.18516576399533,6.678769496734777,30.30244688576395,44.83361785350595,0.0,False,2640.9248,118.7159,394.3781,True,98159,True,4.605550761611293,21313.19468198809,6.603430074768376,0.0744723152222811,0.3090944598419629,0.1177953229053245,0.2342238189427165,1.914550669107528,2.709421217130969
Surquillo,2018,18.18516576399533,6.678769496734777,30.30244688576395,44.83361785350595,0.0,False,2640.9248,118.7159,394.3781,True,98159,False,4.605550761611293,21313.19468198809,6.603430074768376,0.0744723152222811,0.3090944598419629,0.1177953229053245,0.2342238189427165,1.914550669107528,2.709421217130969
Surquillo,2019,18.18516576399533,6.678769496734777,30.30244688576395,44.83361785350595,0.0,False,2640.9248,118.7159,394.3781,False,99397,False,4.605550761611293,21582.00075189814,6.603430074768376,0.0744723152222811,0.3090944598419629,0.1177953229053245,0.2342238189427165,1.914550669107528,2.709421217130969
Surquillo,2020,18.18516576399533,6.678769496734777,30.30244688576395,44.83361785350595,0.0,False,2504.5097,239.1891,722.5506,False,100339,False,4.605550761611293,21786.53654984263,6.603430074768376,0.0744723152222811,0.3090944598419629,0.1177953229053245,0.2342238189427165,1.914550669107528,2.709421217130969
Surquillo,2021,18.18516576399533,6.678769496734777,30.30244688576395,44.83361785350595,0.0,False,3670.8461,325.2898,1429.3037,False,101448,False,4.605550761611293,22027.33294041634,6.603430074768376,0.0744723152222811,0.3090944598419629,0.1177953229053245,0.2342238189427165,1.914550669107528,2.709421217130969
Surquillo,2022,18.18516576399533,6.678769496734777,30.30244688576395,44.83361785350595,0.0,False,3023.4102,240.1546,910.8304,False,102434,False,4.605550761611293,22241.42242743679,6.603430074768376,0.0744723152222811,0.3090944598419629,0.1177953229053245,0.2342238189427165,1.914550669107528,2.709421217130969
Surquillo,2023,18.18516576399533,6.678769496734777,30.30244688576395,44.83361785350595,0.0,False,4097.6705,496.482,1572.677,False,103327,False,4.605550761611293,22435.31888981941,6.603430074768376,0.0744723152222811,0.3090944598419629,0.1177953229053245,0.2342238189427165,1.914550669107528,2.709421217130969
Surquillo,2024,18.18516576399533,6.678769496734777,30.30244688576395,44.83361785350595,0.0,False,3788.9624,332.1462,1343.9441,False,104171,False,4.605550761611293,22618.57601664016,6.603430074768376,0.0744723152222811,0.3090944598419629,0.1177953229053245,0.2342238189427165,1.914550669107528,2.709421217130969
Surquillo,2025,18.18516576399533,6.678769496734777,30.30244688576395,44.83361785350595,0.0,False,3280.8274,143.804,1248.5239,False,105004,False,4.605550761611293,22799.44472119191,6.603430074768376,0.0744723152222811,0.3090944598419629,0.1177953229053245,0.2342238189427165,1.914550669107528,2.709421217130969
