Distrito,pct_NSE_A,pct_NSE_B,pct_NSE_C,pct_NSE_D,pct_NSE_E,tasa_robo,tasa_hurto,poblacion_proyectada,area_distrito_km2,distancia_centro_km,dist_colegio_km,dist_hospital_km,dist_estacion_transporte_km,dist_centro_comercial_km,dist_parque_km,dist_universidad_km,densidad_hab_km2
Ate Vitarte,,,,,,572.7765,507.4917,716859,84.61582534329187,16.43127577972698,0.9841118557634397,3.09332805988823,2.457835653818812,1.757152794978036,16.01139708380807,9.444243510989166,8471.925873105376
Barranco,31.64701362599154,21.93909537545002,8.14160376581447,38.27228723274397,0.0,1361.6187,3071.8118,36721,2.75263522223904,9.850966184672838,0.1232723990094097,0.2421636209876833,0.3555296462804873,2.432732897433979,0.663225336748975,1.23114819911692,13340.30739101366
Bellavista,18.5611278596873,14.82818482541335,28.38392459189879,38.22676272300057,0.0,764.1814,885.4218,81656,4.566104658240195,9.107769209579008,0.4369783412077169,1.205172164216082,0.6136717432047649,0.9268751909719922,3.040266045689977,2.560855159597847,17883.07673864636
Breña,21.07619258008963,14.65389074459232,11.53960931653222,52.73030735878582,0.0,1200.0916,1693.451,96076,3.207403721415707,2.668957043706543,0.2695225622783039,0.4403350171850082,0.8283627238415264,0.8586336670208775,1.37606966991389,1.504768887238263,29954.44550946436
Carabayllo,1.404266202708821,6.024136706384732,18.99368199731276,41.89659303704137,31.68132205655231,369.5291,346.7924,435419,312.2359896094521,28.03318103835983,1.51475568113259,8.654844933468087,2.61089330137095,17.80359151549945,9.43411437329499,16.36085332177996,1394.518935964514
Cercado de Lima,1.618521662661522,9.539899973913714,12.28971750939601,74.50966371828841,2.042197135740361,2154.4882,3774.9515,266467,21.56180411633093,0.0,0.2474243945449287,0.1758526638094474,0.2444063687442627,0.06737291207215011,1.582075229239373,0.8568766886004054,12358.2886924651
Chorrillos,2.060080745799052,15.46439657801583,16.66066844611576,59.07866145684362,6.736192773225732,742.1734,745.4014,371746,36.8824358616744,15.36895653423331,0.2605801692362736,0.4495968800508338,0.2348253453410464,5.422658908546442,2.161886850177177,6.826781061297351,10079.21497902724
Comas,0.0,10.68232243529679,36.83129344426594,41.17590789263261,11.31047622780467,689.0364,599.6543,591841,48.92829273827074,14.02208575966242,0.1301409188365995,0.4495214792634947,0.5390860214791349,3.215130538464148,5.972122819468228,4.011768547509408,12096.08933558954
Jesús María,13.3575386999122,15.24178604223171,31.94840715125057,39.45226810660552,0.0,930.1121,1950.8807,84936,4.336934812092879,3.469357675572061,0.389952486926967,0.1693162034267033,0.3931666125315741,0.298915782316672,1.317846228948459,0.78450798490302,19584.33863547337
La Molina,12.91324417807682,38.55395949268224,16.77102082339388,31.76177550584707,0.0,280.0869,1035.364,167091,48.63638742566762,11.53531377104312,0.4585744798925374,1.399858112850038,0.3450943478478672,1.711736959974153,8.043592875908562,2.312721159251492,3435.51420745157
La Perla,13.8405771582329,37.22789958768362,48.93152325408348,0.0,0.0,480.5761,516.1171,64714,3.264895317774247,9.907944839424168,0.1626275710152236,0.6485407561044267,0.3162999984281162,2.022278426950766,3.161180391308634,2.209240110520453,19821.15617848262
La Victoria,2.538037542480654,9.372967304197457,11.36348492084436,69.60903987415202,7.116470358325519,1519.7856,2055.6851,189961,9.119002909812751,2.135886279802012,0.2769027219746055,0.2365278378272125,0.5373577089124588,0.5364368438242428,1.84067866536577,2.019693775602409,20831.33450868705
Lince,13.3575386999122,15.24178604223171,31.94840715125057,39.45226810660552,0.0,939.2292,1720.5913,62711,2.74700437360458,3.527652389198268,0.1951036759750951,0.5013037219561526,0.1005054581250733,1.289670429162354,0.6798638606373213,0.5401477654039949,22828.86791247133
Los Olivos,2.778484308196087,7.023272098994535,40.46906773317068,49.7291758596387,0.0,1177.1073,1054.7853,362159,18.20940703336545,10.53383108723038,0.1150488364216163,0.368466773225929,0.6547877403987759,3.778820112480513,3.882898327710834,3.062651332376713,19888.5663512496
Magdalena,0.0,79.49977988314374,20.50022011685625,0.0,0.0,404.1487,1042.9643,69034,3.641148805054522,6.203244024031197,0.1529095999708317,0.6372103268303039,0.2619030639218696,0.9321476510372348,2.825464575656512,1.688127358723532,18959.4009187895
Miraflores,31.64701362599154,21.93909537545002,8.14160376581447,38.27228723274397,0.0,1579.9112,4882.2625,115766,9.181773811488258,7.262125035772389,0.2197238385855455,0.1924049619189878,0.07481696225547448,0.09955513658828007,1.734795329328659,1.51933227700684,12608.23914603007
Pueblo Libre,0.0,79.49977988314374,20.50022011685625,0.0,0.0,596.2212,698.9486,99292,4.637774890703321,4.814569595720119,0.1272571344503592,0.8180765020333999,0.2940095918919574,1.72441865746656,2.300256565812146,0.8456355953615805,21409.40479863228
San Borja,46.79871562077545,28.97093586874865,24.2303485104759,0.0,0.0,466.3412,1195.2823,132521,10.33058823071902,5.785262203604386,0.2152880626327043,0.3304151129331351,0.01109322854266108,2.386175417321085,3.708137001486965,4.722475758699692,12828.02073224986
San Isidro,36.87720086634263,46.05822892583829,17.06457020781907,0.0,0.0,739.9065,2469.2062,70144,9.76731722791095,4.973795255602481,0.5646146841151479,0.4100279451307964,0.2302462333076384,0.1794857118183576,0.3253796946249457,2.008818799692065,7181.5011597614
San Miguel,20.72746085915268,0.0,31.65057736263096,47.62196177821635,0.0,345.9191,632.5534,183858,9.689690687456771,7.322601670807407,0.09681744723992028,0.2265086983240374,0.2490102435705783,1.789771755574454,0.7422665479856633,2.03820857982307,18974.59949242784
Surco,29.42398768403683,24.96606857739863,23.381478717847,22.22846502071755,0.0,583.2198,1197.6793,425740,34.63871824848918,9.183895699903681,0.3269231246525643,0.1758952386865574,0.531053416880556,0.3675069266666668,2.031069313838686,4.593812643639284,12290.87049196947
Surquillo,18.18516576399533,6.678769496734777,30.30244688576395,44.83361785350595,0.0,496.482,1572.677,103327,4.605550761611293,6.603430074768376,0.0744723152222811,0.3090944598419629,0.1177953229053245,0.2342238189427165,1.914550669107528,2.709421217130969,22435.31888981941
